path,kind,name,pattern_expected,pattern_actual,status
src/bioetl/cli,pkg,cli,NR-002: ^[a-z][a-z0-9_]*$,cli,OK
src/bioetl/cli/__init__.py,module,__init__,NR-004: ^cli_.*\.py$,__init__.py,VIOL
src/bioetl/cli/app.py,func,create_app,NR-011: ^[a-z][a-z0-9_]*$,create_app,OK
src/bioetl/cli/app.py,func,run,NR-011: ^[a-z][a-z0-9_]*$,run,OK
src/bioetl/cli/app.py,module,app,NR-004: ^cli_.*\.py$,app.py,VIOL
src/bioetl/cli/command.py,class,CommonOptions,NR-010: ^[A-Z][A-Za-z0-9]*$,CommonOptions,OK
src/bioetl/cli/command.py,func,_echo_error,NR-011: ^[a-z][a-z0-9_]*$,_echo_error,VIOL
src/bioetl/cli/command.py,func,_handle_pipeline_exception,NR-011: ^[a-z][a-z0-9_]*$,_handle_pipeline_exception,VIOL
src/bioetl/cli/command.py,func,_parse_set_overrides,NR-011: ^[a-z][a-z0-9_]*$,_parse_set_overrides,VIOL
src/bioetl/cli/command.py,func,_resolve_pipeline_class,NR-011: ^[a-z][a-z0-9_]*$,_resolve_pipeline_class,VIOL
src/bioetl/cli/command.py,func,_validate_config_path,NR-011: ^[a-z][a-z0-9_]*$,_validate_config_path,VIOL
src/bioetl/cli/command.py,func,_validate_output_dir,NR-011: ^[a-z][a-z0-9_]*$,_validate_output_dir,VIOL
src/bioetl/cli/command.py,func,create_pipeline_command,NR-011: ^[a-z][a-z0-9_]*$,create_pipeline_command,OK
src/bioetl/cli/command.py,module,command,NR-004: ^cli_.*\.py$,command.py,VIOL
src/bioetl/cli/registry.py,class,CommandConfig,NR-010: ^[A-Z][A-Za-z0-9]*$,CommandConfig,OK
src/bioetl/cli/registry.py,const,COMMAND_REGISTRY,NR-012: ^[A-Z][A-Z0-9_]*$,COMMAND_REGISTRY,OK
src/bioetl/cli/registry.py,func,_build_config,NR-011: ^[a-z][a-z0-9_]*$,_build_config,VIOL
src/bioetl/cli/registry.py,func,_load_pipeline_class,NR-011: ^[a-z][a-z0-9_]*$,_load_pipeline_class,VIOL
src/bioetl/cli/registry.py,func,build_command_config_activity,NR-011: ^[a-z][a-z0-9_]*$,build_command_config_activity,OK
src/bioetl/cli/registry.py,func,build_command_config_assay,NR-011: ^[a-z][a-z0-9_]*$,build_command_config_assay,OK
src/bioetl/cli/registry.py,func,build_command_config_crossref,NR-011: ^[a-z][a-z0-9_]*$,build_command_config_crossref,OK
src/bioetl/cli/registry.py,func,build_command_config_document,NR-011: ^[a-z][a-z0-9_]*$,build_command_config_document,OK
src/bioetl/cli/registry.py,func,build_command_config_iuphar,NR-011: ^[a-z][a-z0-9_]*$,build_command_config_iuphar,OK
src/bioetl/cli/registry.py,func,build_command_config_openalex,NR-011: ^[a-z][a-z0-9_]*$,build_command_config_openalex,OK
src/bioetl/cli/registry.py,func,build_command_config_pubchem,NR-011: ^[a-z][a-z0-9_]*$,build_command_config_pubchem,OK
src/bioetl/cli/registry.py,func,build_command_config_pubmed,NR-011: ^[a-z][a-z0-9_]*$,build_command_config_pubmed,OK
src/bioetl/cli/registry.py,func,build_command_config_semantic_scholar,NR-011: ^[a-z][a-z0-9_]*$,build_command_config_semantic_scholar,OK
src/bioetl/cli/registry.py,func,build_command_config_target,NR-011: ^[a-z][a-z0-9_]*$,build_command_config_target,OK
src/bioetl/cli/registry.py,func,build_command_config_testitem,NR-011: ^[a-z][a-z0-9_]*$,build_command_config_testitem,OK
src/bioetl/cli/registry.py,func,build_command_config_uniprot,NR-011: ^[a-z][a-z0-9_]*$,build_command_config_uniprot,OK
src/bioetl/cli/registry.py,module,registry,NR-004: ^cli_.*\.py$,registry.py,VIOL
src/bioetl/cli/runner.py,func,run_app,NR-011: ^[a-z][a-z0-9_]*$,run_app,OK
src/bioetl/cli/runner.py,module,runner,NR-004: ^cli_.*\.py$,runner.py,VIOL
src/bioetl/cli/tools,pkg,tools,NR-002: ^[a-z][a-z0-9_]*$,tools,OK
src/bioetl/cli/tools/__init__.py,module,__init__,NR-004: ^cli_.*\.py$,__init__.py,VIOL
src/bioetl/cli/tools/_typer.py,class,TyperApp,NR-010: ^[A-Z][A-Za-z0-9]*$,TyperApp,OK
src/bioetl/cli/tools/_typer.py,class,TyperModule,NR-010: ^[A-Z][A-Za-z0-9]*$,TyperModule,OK
src/bioetl/cli/tools/_typer.py,func,_load_typer,NR-011: ^[a-z][a-z0-9_]*$,_load_typer,VIOL
src/bioetl/cli/tools/_typer.py,func,create_app,NR-011: ^[a-z][a-z0-9_]*$,create_app,OK
src/bioetl/cli/tools/_typer.py,func,run_app,NR-011: ^[a-z][a-z0-9_]*$,run_app,OK
src/bioetl/cli/tools/_typer.py,module,_typer,NR-004: ^cli_.*\.py$,_typer.py,VIOL
src/bioetl/cli/tools/audit_docs.py,func,main,NR-011: ^[a-z][a-z0-9_]*$,main,OK
src/bioetl/cli/tools/audit_docs.py,func,run,NR-011: ^[a-z][a-z0-9_]*$,run,OK
src/bioetl/cli/tools/audit_docs.py,module,audit_docs,NR-004: ^cli_.*\.py$,audit_docs.py,VIOL
src/bioetl/cli/tools/build_vocab_store.py,func,main,NR-011: ^[a-z][a-z0-9_]*$,main,OK
src/bioetl/cli/tools/build_vocab_store.py,func,run,NR-011: ^[a-z][a-z0-9_]*$,run,OK
src/bioetl/cli/tools/build_vocab_store.py,module,build_vocab_store,NR-004: ^cli_.*\.py$,build_vocab_store.py,VIOL
src/bioetl/cli/tools/catalog_code_symbols.py,func,main,NR-011: ^[a-z][a-z0-9_]*$,main,OK
src/bioetl/cli/tools/catalog_code_symbols.py,func,run,NR-011: ^[a-z][a-z0-9_]*$,run,OK
src/bioetl/cli/tools/catalog_code_symbols.py,module,catalog_code_symbols,NR-004: ^cli_.*\.py$,catalog_code_symbols.py,VIOL
src/bioetl/cli/tools/check_comments.py,func,main,NR-011: ^[a-z][a-z0-9_]*$,main,OK
src/bioetl/cli/tools/check_comments.py,func,run,NR-011: ^[a-z][a-z0-9_]*$,run,OK
src/bioetl/cli/tools/check_comments.py,module,check_comments,NR-004: ^cli_.*\.py$,check_comments.py,VIOL
src/bioetl/cli/tools/check_output_artifacts.py,func,main,NR-011: ^[a-z][a-z0-9_]*$,main,OK
src/bioetl/cli/tools/check_output_artifacts.py,func,run,NR-011: ^[a-z][a-z0-9_]*$,run,OK
src/bioetl/cli/tools/check_output_artifacts.py,module,check_output_artifacts,NR-004: ^cli_.*\.py$,check_output_artifacts.py,VIOL
src/bioetl/cli/tools/create_matrix_doc_code.py,func,main,NR-011: ^[a-z][a-z0-9_]*$,main,OK
src/bioetl/cli/tools/create_matrix_doc_code.py,func,run,NR-011: ^[a-z][a-z0-9_]*$,run,OK
src/bioetl/cli/tools/create_matrix_doc_code.py,module,create_matrix_doc_code,NR-004: ^cli_.*\.py$,create_matrix_doc_code.py,VIOL
src/bioetl/cli/tools/determinism_check.py,func,main,NR-011: ^[a-z][a-z0-9_]*$,main,OK
src/bioetl/cli/tools/determinism_check.py,func,run,NR-011: ^[a-z][a-z0-9_]*$,run,OK
src/bioetl/cli/tools/determinism_check.py,module,determinism_check,NR-004: ^cli_.*\.py$,determinism_check.py,VIOL
src/bioetl/cli/tools/doctest_cli.py,func,main,NR-011: ^[a-z][a-z0-9_]*$,main,OK
src/bioetl/cli/tools/doctest_cli.py,func,run,NR-011: ^[a-z][a-z0-9_]*$,run,OK
src/bioetl/cli/tools/doctest_cli.py,module,doctest_cli,NR-004: ^cli_.*\.py$,doctest_cli.py,VIOL
src/bioetl/cli/tools/inventory_docs.py,func,main,NR-011: ^[a-z][a-z0-9_]*$,main,OK
src/bioetl/cli/tools/inventory_docs.py,func,run,NR-011: ^[a-z][a-z0-9_]*$,run,OK
src/bioetl/cli/tools/inventory_docs.py,module,inventory_docs,NR-004: ^cli_.*\.py$,inventory_docs.py,VIOL
src/bioetl/cli/tools/link_check.py,func,main,NR-011: ^[a-z][a-z0-9_]*$,main,OK
src/bioetl/cli/tools/link_check.py,func,run,NR-011: ^[a-z][a-z0-9_]*$,run,OK
src/bioetl/cli/tools/link_check.py,module,link_check,NR-004: ^cli_.*\.py$,link_check.py,VIOL
src/bioetl/cli/tools/remove_type_ignore.py,func,main,NR-011: ^[a-z][a-z0-9_]*$,main,OK
src/bioetl/cli/tools/remove_type_ignore.py,func,run,NR-011: ^[a-z][a-z0-9_]*$,run,OK
src/bioetl/cli/tools/remove_type_ignore.py,module,remove_type_ignore,NR-004: ^cli_.*\.py$,remove_type_ignore.py,VIOL
src/bioetl/cli/tools/run_test_report.py,func,main,NR-011: ^[a-z][a-z0-9_]*$,main,OK
src/bioetl/cli/tools/run_test_report.py,func,run,NR-011: ^[a-z][a-z0-9_]*$,run,OK
src/bioetl/cli/tools/run_test_report.py,module,run_test_report,NR-004: ^cli_.*\.py$,run_test_report.py,VIOL
src/bioetl/cli/tools/schema_guard.py,func,main,NR-011: ^[a-z][a-z0-9_]*$,main,OK
src/bioetl/cli/tools/schema_guard.py,func,run,NR-011: ^[a-z][a-z0-9_]*$,run,OK
src/bioetl/cli/tools/schema_guard.py,module,schema_guard,NR-004: ^cli_.*\.py$,schema_guard.py,VIOL
src/bioetl/cli/tools/semantic_diff.py,func,main,NR-011: ^[a-z][a-z0-9_]*$,main,OK
src/bioetl/cli/tools/semantic_diff.py,func,run,NR-011: ^[a-z][a-z0-9_]*$,run,OK
src/bioetl/cli/tools/semantic_diff.py,module,semantic_diff,NR-004: ^cli_.*\.py$,semantic_diff.py,VIOL
src/bioetl/cli/tools/vocab_audit.py,func,main,NR-011: ^[a-z][a-z0-9_]*$,main,OK
src/bioetl/cli/tools/vocab_audit.py,func,run,NR-011: ^[a-z][a-z0-9_]*$,run,OK
src/bioetl/cli/tools/vocab_audit.py,module,vocab_audit,NR-004: ^cli_.*\.py$,vocab_audit.py,VIOL
src/bioetl/clients,pkg,clients,NR-002: ^[a-z][a-z0-9_]*$,clients,OK
src/bioetl/clients/__init__.py,module,__init__,NR-005: ^client_.*\.py$,__init__.py,VIOL
src/bioetl/clients/activity,pkg,activity,NR-002: ^[a-z][a-z0-9_]*$,activity,OK
src/bioetl/clients/activity/__init__.py,module,__init__,NR-005: ^client_.*\.py$,__init__.py,VIOL
src/bioetl/clients/activity/chembl_activity.py,module,chembl_activity,NR-005: ^client_.*\.py$,chembl_activity.py,VIOL
src/bioetl/clients/assay,pkg,assay,NR-002: ^[a-z][a-z0-9_]*$,assay,OK
src/bioetl/clients/assay/__init__.py,module,__init__,NR-005: ^client_.*\.py$,__init__.py,VIOL
src/bioetl/clients/assay/chembl_assay.py,class,ChemblAssayClient,NR-006: ^[A-Z][A-Za-z0-9]*Client$,ChemblAssayClient,OK
src/bioetl/clients/assay/chembl_assay.py,module,chembl_assay,NR-005: ^client_.*\.py$,chembl_assay.py,VIOL
src/bioetl/clients/assay/chembl_assay_entity.py,class,ChemblAssayEntityClient,NR-006: ^[A-Z][A-Za-z0-9]*Client$,ChemblAssayEntityClient,OK
src/bioetl/clients/assay/chembl_assay_entity.py,module,chembl_assay_entity,NR-005: ^client_.*\.py$,chembl_assay_entity.py,VIOL
src/bioetl/clients/base_entity.py,class,BaseEntityClient,NR-006: ^[A-Z][A-Za-z0-9]*Client$,BaseEntityClient,OK
src/bioetl/clients/base_entity.py,module,base_entity,NR-005: ^client_.*\.py$,base_entity.py,VIOL
src/bioetl/clients/chembl.py,class,ChemblClient,NR-006: ^[A-Z][A-Za-z0-9]*Client$,ChemblClient,OK
src/bioetl/clients/chembl.py,module,chembl,NR-005: ^client_.*\.py$,chembl.py,VIOL
src/bioetl/clients/chembl_base.py,class,ChemblClientProtocol,NR-006: ^[A-Z][A-Za-z0-9]*Client$,ChemblClientProtocol,VIOL
src/bioetl/clients/chembl_base.py,class,ChemblEntityFetcher,NR-006: ^[A-Z][A-Za-z0-9]*Client$,ChemblEntityFetcher,VIOL
src/bioetl/clients/chembl_base.py,class,EntityConfig,NR-006: ^[A-Z][A-Za-z0-9]*Client$,EntityConfig,VIOL
src/bioetl/clients/chembl_base.py,func,make_entity_config,NR-011: ^[a-z][a-z0-9_]*$,make_entity_config,OK
src/bioetl/clients/chembl_base.py,module,chembl_base,NR-005: ^client_.*\.py$,chembl_base.py,VIOL
src/bioetl/clients/chembl_entities.py,module,chembl_entities,NR-005: ^client_.*\.py$,chembl_entities.py,VIOL
src/bioetl/clients/chembl_iterator.py,class,ChemblEntityIterator,NR-006: ^[A-Z][A-Za-z0-9]*Client$,ChemblEntityIterator,VIOL
src/bioetl/clients/chembl_iterator.py,module,chembl_iterator,NR-005: ^client_.*\.py$,chembl_iterator.py,VIOL
src/bioetl/clients/document,pkg,document,NR-002: ^[a-z][a-z0-9_]*$,document,OK
src/bioetl/clients/document/__init__.py,module,__init__,NR-005: ^client_.*\.py$,__init__.py,VIOL
src/bioetl/clients/document/chembl_document.py,module,chembl_document,NR-005: ^client_.*\.py$,chembl_document.py,VIOL
src/bioetl/clients/document/chembl_document_entity.py,module,chembl_document_entity,NR-005: ^client_.*\.py$,chembl_document_entity.py,VIOL
src/bioetl/clients/entities,pkg,entities,NR-002: ^[a-z][a-z0-9_]*$,entities,OK
src/bioetl/clients/entities/__init__.py,module,__init__,NR-005: ^client_.*\.py$,__init__.py,VIOL
src/bioetl/clients/entities/activity.py,class,ChemblActivityClient,NR-006: ^[A-Z][A-Za-z0-9]*Client$,ChemblActivityClient,OK
src/bioetl/clients/entities/activity.py,module,activity,NR-005: ^client_.*\.py$,activity.py,VIOL
src/bioetl/clients/entities/assay_class_map.py,class,ChemblAssayClassMapEntityClient,NR-006: ^[A-Z][A-Za-z0-9]*Client$,ChemblAssayClassMapEntityClient,OK
src/bioetl/clients/entities/assay_class_map.py,module,assay_class_map,NR-005: ^client_.*\.py$,assay_class_map.py,VIOL
src/bioetl/clients/entities/assay_classification.py,class,ChemblAssayClassificationEntityClient,NR-006: ^[A-Z][A-Za-z0-9]*Client$,ChemblAssayClassificationEntityClient,OK
src/bioetl/clients/entities/assay_classification.py,module,assay_classification,NR-005: ^client_.*\.py$,assay_classification.py,VIOL
src/bioetl/clients/entities/assay_parameters.py,class,ChemblAssayParametersEntityClient,NR-006: ^[A-Z][A-Za-z0-9]*Client$,ChemblAssayParametersEntityClient,OK
src/bioetl/clients/entities/assay_parameters.py,module,assay_parameters,NR-005: ^client_.*\.py$,assay_parameters.py,VIOL
src/bioetl/clients/entities/compound_record.py,class,ChemblCompoundRecordEntityClient,NR-006: ^[A-Z][A-Za-z0-9]*Client$,ChemblCompoundRecordEntityClient,OK
src/bioetl/clients/entities/compound_record.py,func,_compound_record_dedup_priority,NR-011: ^[a-z][a-z0-9_]*$,_compound_record_dedup_priority,VIOL
src/bioetl/clients/entities/compound_record.py,func,_safe_bool,NR-011: ^[a-z][a-z0-9_]*$,_safe_bool,VIOL
src/bioetl/clients/entities/compound_record.py,module,compound_record,NR-005: ^client_.*\.py$,compound_record.py,VIOL
src/bioetl/clients/entities/data_validity.py,class,ChemblDataValidityEntityClient,NR-006: ^[A-Z][A-Za-z0-9]*Client$,ChemblDataValidityEntityClient,OK
src/bioetl/clients/entities/data_validity.py,module,data_validity,NR-005: ^client_.*\.py$,data_validity.py,VIOL
src/bioetl/clients/entities/document.py,class,ChemblDocumentClient,NR-006: ^[A-Z][A-Za-z0-9]*Client$,ChemblDocumentClient,OK
src/bioetl/clients/entities/document.py,module,document,NR-005: ^client_.*\.py$,document.py,VIOL
src/bioetl/clients/entities/document_term.py,class,ChemblDocumentTermEntityClient,NR-006: ^[A-Z][A-Za-z0-9]*Client$,ChemblDocumentTermEntityClient,OK
src/bioetl/clients/entities/document_term.py,module,document_term,NR-005: ^client_.*\.py$,document_term.py,VIOL
src/bioetl/clients/entities/molecule.py,class,ChemblMoleculeEntityClient,NR-006: ^[A-Z][A-Za-z0-9]*Client$,ChemblMoleculeEntityClient,OK
src/bioetl/clients/entities/molecule.py,module,molecule,NR-005: ^client_.*\.py$,molecule.py,VIOL
src/bioetl/clients/entities/target.py,class,ChemblTargetClient,NR-006: ^[A-Z][A-Za-z0-9]*Client$,ChemblTargetClient,OK
src/bioetl/clients/entities/target.py,module,target,NR-005: ^client_.*\.py$,target.py,VIOL
src/bioetl/clients/entities/testitem.py,class,ChemblTestitemClient,NR-006: ^[A-Z][A-Za-z0-9]*Client$,ChemblTestitemClient,OK
src/bioetl/clients/entities/testitem.py,module,testitem,NR-005: ^client_.*\.py$,testitem.py,VIOL
src/bioetl/clients/exceptions.py,module,exceptions,NR-005: ^client_.*\.py$,exceptions.py,VIOL
src/bioetl/clients/target,pkg,target,NR-002: ^[a-z][a-z0-9_]*$,target,OK
src/bioetl/clients/target/__init__.py,module,__init__,NR-005: ^client_.*\.py$,__init__.py,VIOL
src/bioetl/clients/target/chembl_target.py,module,chembl_target,NR-005: ^client_.*\.py$,chembl_target.py,VIOL
src/bioetl/clients/testitem,pkg,testitem,NR-002: ^[a-z][a-z0-9_]*$,testitem,OK
src/bioetl/clients/testitem/__init__.py,module,__init__,NR-005: ^client_.*\.py$,__init__.py,VIOL
src/bioetl/clients/testitem/chembl_testitem.py,module,chembl_testitem,NR-005: ^client_.*\.py$,chembl_testitem.py,VIOL
src/bioetl/config,pkg,config,NR-002: ^[a-z][a-z0-9_]*$,config,OK
src/bioetl/config/__init__.py,module,__init__,NR-008: ^[a-z0-9_]+\.(yaml|yml|json)$,__init__.py,VIOL
src/bioetl/config/activity,pkg,activity,NR-002: ^[a-z][a-z0-9_]*$,activity,OK
src/bioetl/config/activity/__init__.py,class,ActivitySourceConfig,NR-010: ^[A-Z][A-Za-z0-9]*$,ActivitySourceConfig,OK
src/bioetl/config/activity/__init__.py,class,ActivitySourceParameters,NR-010: ^[A-Z][A-Za-z0-9]*$,ActivitySourceParameters,OK
src/bioetl/config/activity/__init__.py,module,__init__,NR-008: ^[a-z0-9_]+\.(yaml|yml|json)$,__init__.py,VIOL
src/bioetl/config/assay,pkg,assay,NR-002: ^[a-z][a-z0-9_]*$,assay,OK
src/bioetl/config/assay/__init__.py,class,AssaySourceConfig,NR-010: ^[A-Z][A-Za-z0-9]*$,AssaySourceConfig,OK
src/bioetl/config/assay/__init__.py,class,AssaySourceParameters,NR-010: ^[A-Z][A-Za-z0-9]*$,AssaySourceParameters,OK
src/bioetl/config/assay/__init__.py,module,__init__,NR-008: ^[a-z0-9_]+\.(yaml|yml|json)$,__init__.py,VIOL
src/bioetl/config/document,pkg,document,NR-002: ^[a-z][a-z0-9_]*$,document,OK
src/bioetl/config/document/__init__.py,class,DocumentSourceConfig,NR-010: ^[A-Z][A-Za-z0-9]*$,DocumentSourceConfig,OK
src/bioetl/config/document/__init__.py,class,DocumentSourceParameters,NR-010: ^[A-Z][A-Za-z0-9]*$,DocumentSourceParameters,OK
src/bioetl/config/document/__init__.py,module,__init__,NR-008: ^[a-z0-9_]+\.(yaml|yml|json)$,__init__.py,VIOL
src/bioetl/config/environment.py,class,EnvironmentSettings,NR-010: ^[A-Z][A-Za-z0-9]*$,EnvironmentSettings,OK
src/bioetl/config/environment.py,func,apply_runtime_overrides,NR-011: ^[a-z][a-z0-9_]*$,apply_runtime_overrides,OK
src/bioetl/config/environment.py,func,load_environment_settings,NR-011: ^[a-z][a-z0-9_]*$,load_environment_settings,OK
src/bioetl/config/environment.py,module,environment,NR-008: ^[a-z0-9_]+\.(yaml|yml|json)$,environment.py,VIOL
src/bioetl/config/loader.py,const,DEFAULTS_DIR,NR-012: ^[A-Z][A-Z0-9_]*$,DEFAULTS_DIR,OK
src/bioetl/config/loader.py,const,ENVIRONMENT_VARIABLE,NR-012: ^[A-Z][A-Z0-9_]*$,ENVIRONMENT_VARIABLE,OK
src/bioetl/config/loader.py,const,ENV_ROOT_DIR,NR-012: ^[A-Z][A-Z0-9_]*$,ENV_ROOT_DIR,OK
src/bioetl/config/loader.py,const,VALID_ENVIRONMENTS,NR-012: ^[A-Z][A-Z0-9_]*$,VALID_ENVIRONMENTS,OK
src/bioetl/config/loader.py,func,_apply_yaml_merge,NR-011: ^[a-z][a-z0-9_]*$,_apply_yaml_merge,VIOL
src/bioetl/config/loader.py,func,_assign_nested,NR-011: ^[a-z][a-z0-9_]*$,_assign_nested,VIOL
src/bioetl/config/loader.py,func,_coerce_value,NR-011: ^[a-z][a-z0-9_]*$,_coerce_value,VIOL
src/bioetl/config/loader.py,func,_collect_env_overrides,NR-011: ^[a-z][a-z0-9_]*$,_collect_env_overrides,VIOL
src/bioetl/config/loader.py,func,_convert_mapping_to_string_keys,NR-011: ^[a-z][a-z0-9_]*$,_convert_mapping_to_string_keys,VIOL
src/bioetl/config/loader.py,func,_deep_merge,NR-011: ^[a-z][a-z0-9_]*$,_deep_merge,VIOL
src/bioetl/config/loader.py,func,_discover_layer_files,NR-011: ^[a-z][a-z0-9_]*$,_discover_layer_files,VIOL
src/bioetl/config/loader.py,func,_ensure_mapping,NR-011: ^[a-z][a-z0-9_]*$,_ensure_mapping,VIOL
src/bioetl/config/loader.py,func,_is_any_list,NR-011: ^[a-z][a-z0-9_]*$,_is_any_list,VIOL
src/bioetl/config/loader.py,func,_is_non_string_iterable,NR-011: ^[a-z][a-z0-9_]*$,_is_non_string_iterable,VIOL
src/bioetl/config/loader.py,func,_load_environment_overrides,NR-011: ^[a-z][a-z0-9_]*$,_load_environment_overrides,VIOL
src/bioetl/config/loader.py,func,_load_with_extends,NR-011: ^[a-z][a-z0-9_]*$,_load_with_extends,VIOL
src/bioetl/config/loader.py,func,_load_yaml,NR-011: ^[a-z][a-z0-9_]*$,_load_yaml,VIOL
src/bioetl/config/loader.py,func,_resolve_layer_directory,NR-011: ^[a-z][a-z0-9_]*$,_resolve_layer_directory,VIOL
src/bioetl/config/loader.py,func,_resolve_reference,NR-011: ^[a-z][a-z0-9_]*$,_resolve_reference,VIOL
src/bioetl/config/loader.py,func,_select_environment,NR-011: ^[a-z][a-z0-9_]*$,_select_environment,VIOL
src/bioetl/config/loader.py,func,_stringify_profile,NR-011: ^[a-z][a-z0-9_]*$,_stringify_profile,VIOL
src/bioetl/config/loader.py,func,load_config,NR-011: ^[a-z][a-z0-9_]*$,load_config,OK
src/bioetl/config/loader.py,module,loader,NR-008: ^[a-z0-9_]+\.(yaml|yml|json)$,loader.py,VIOL
src/bioetl/config/models,pkg,models,NR-002: ^[a-z][a-z0-9_]*$,models,OK
src/bioetl/config/models.py,class,CLIConfig,NR-010: ^[A-Z][A-Za-z0-9]*$,CLIConfig,OK
src/bioetl/config/models.py,class,CacheConfig,NR-010: ^[A-Z][A-Za-z0-9]*$,CacheConfig,OK
src/bioetl/config/models.py,class,DeterminismConfig,NR-010: ^[A-Z][A-Za-z0-9]*$,DeterminismConfig,OK
src/bioetl/config/models.py,class,DeterminismEnvironmentConfig,NR-010: ^[A-Z][A-Za-z0-9]*$,DeterminismEnvironmentConfig,OK
src/bioetl/config/models.py,class,DeterminismHashingConfig,NR-010: ^[A-Z][A-Za-z0-9]*$,DeterminismHashingConfig,OK
src/bioetl/config/models.py,class,DeterminismMetaConfig,NR-010: ^[A-Z][A-Za-z0-9]*$,DeterminismMetaConfig,OK
src/bioetl/config/models.py,class,DeterminismSerializationCSVConfig,NR-010: ^[A-Z][A-Za-z0-9]*$,DeterminismSerializationCSVConfig,OK
src/bioetl/config/models.py,class,DeterminismSerializationConfig,NR-010: ^[A-Z][A-Za-z0-9]*$,DeterminismSerializationConfig,OK
src/bioetl/config/models.py,class,DeterminismSortingConfig,NR-010: ^[A-Z][A-Za-z0-9]*$,DeterminismSortingConfig,OK
src/bioetl/config/models.py,class,DeterminismWriteConfig,NR-010: ^[A-Z][A-Za-z0-9]*$,DeterminismWriteConfig,OK
src/bioetl/config/models.py,class,FallbacksConfig,NR-010: ^[A-Z][A-Za-z0-9]*$,FallbacksConfig,OK
src/bioetl/config/models.py,class,MaterializationConfig,NR-010: ^[A-Z][A-Za-z0-9]*$,MaterializationConfig,OK
src/bioetl/config/models.py,class,PathsConfig,NR-010: ^[A-Z][A-Za-z0-9]*$,PathsConfig,OK
src/bioetl/config/models.py,class,PipelineConfig,NR-010: ^[A-Z][A-Za-z0-9]*$,PipelineConfig,OK
src/bioetl/config/models.py,class,PipelineMetadata,NR-010: ^[A-Z][A-Za-z0-9]*$,PipelineMetadata,OK
src/bioetl/config/models.py,class,PostprocessConfig,NR-010: ^[A-Z][A-Za-z0-9]*$,PostprocessConfig,OK
src/bioetl/config/models.py,class,PostprocessCorrelationConfig,NR-010: ^[A-Z][A-Za-z0-9]*$,PostprocessCorrelationConfig,OK
src/bioetl/config/models.py,class,SourceConfig,NR-010: ^[A-Z][A-Za-z0-9]*$,SourceConfig,OK
src/bioetl/config/models.py,class,TransformConfig,NR-010: ^[A-Z][A-Za-z0-9]*$,TransformConfig,OK
src/bioetl/config/models.py,class,ValidationConfig,NR-010: ^[A-Z][A-Za-z0-9]*$,ValidationConfig,OK
src/bioetl/config/models.py,module,models,NR-008: ^[a-z0-9_]+\.(yaml|yml|json)$,models.py,VIOL
src/bioetl/config/models/__init__.py,module,__init__,NR-008: ^[a-z0-9_]+\.(yaml|yml|json)$,__init__.py,VIOL
src/bioetl/config/models/base.py,class,PipelineCommonCompat,NR-010: ^[A-Z][A-Za-z0-9]*$,PipelineCommonCompat,OK
src/bioetl/config/models/base.py,class,PipelineConfig,NR-010: ^[A-Z][A-Za-z0-9]*$,PipelineConfig,OK
src/bioetl/config/models/base.py,class,PipelineMetadata,NR-010: ^[A-Z][A-Za-z0-9]*$,PipelineMetadata,OK
src/bioetl/config/models/base.py,class,SourceParametersProtocol,NR-010: ^[A-Z][A-Za-z0-9]*$,SourceParametersProtocol,OK
src/bioetl/config/models/base.py,func,_default_batch_size,NR-011: ^[a-z][a-z0-9_]*$,_default_batch_size,VIOL
src/bioetl/config/models/base.py,func,_extract_int,NR-011: ^[a-z][a-z0-9_]*$,_extract_int,VIOL
src/bioetl/config/models/base.py,func,_resolve_batch_field,NR-011: ^[a-z][a-z0-9_]*$,_resolve_batch_field,VIOL
src/bioetl/config/models/base.py,func,build_source_config,NR-011: ^[a-z][a-z0-9_]*$,build_source_config,OK
src/bioetl/config/models/base.py,module,base,NR-008: ^[a-z0-9_]+\.(yaml|yml|json)$,base.py,VIOL
src/bioetl/config/models/cache.py,class,CacheConfig,NR-010: ^[A-Z][A-Za-z0-9]*$,CacheConfig,OK
src/bioetl/config/models/cache.py,module,cache,NR-008: ^[a-z0-9_]+\.(yaml|yml|json)$,cache.py,VIOL
src/bioetl/config/models/cli.py,class,CLIConfig,NR-010: ^[A-Z][A-Za-z0-9]*$,CLIConfig,OK
src/bioetl/config/models/cli.py,module,cli,NR-008: ^[a-z0-9_]+\.(yaml|yml|json)$,cli.py,VIOL
src/bioetl/config/models/determinism.py,class,DeterminismConfig,NR-010: ^[A-Z][A-Za-z0-9]*$,DeterminismConfig,OK
src/bioetl/config/models/determinism.py,class,DeterminismEnvironmentConfig,NR-010: ^[A-Z][A-Za-z0-9]*$,DeterminismEnvironmentConfig,OK
src/bioetl/config/models/determinism.py,class,DeterminismHashColumnSchema,NR-010: ^[A-Z][A-Za-z0-9]*$,DeterminismHashColumnSchema,OK
src/bioetl/config/models/determinism.py,class,DeterminismHashingConfig,NR-010: ^[A-Z][A-Za-z0-9]*$,DeterminismHashingConfig,OK
src/bioetl/config/models/determinism.py,class,DeterminismMetaConfig,NR-010: ^[A-Z][A-Za-z0-9]*$,DeterminismMetaConfig,OK
src/bioetl/config/models/determinism.py,class,DeterminismSerializationCSVConfig,NR-010: ^[A-Z][A-Za-z0-9]*$,DeterminismSerializationCSVConfig,OK
src/bioetl/config/models/determinism.py,class,DeterminismSerializationConfig,NR-010: ^[A-Z][A-Za-z0-9]*$,DeterminismSerializationConfig,OK
src/bioetl/config/models/determinism.py,class,DeterminismSortingConfig,NR-010: ^[A-Z][A-Za-z0-9]*$,DeterminismSortingConfig,OK
src/bioetl/config/models/determinism.py,class,DeterminismWriteConfig,NR-010: ^[A-Z][A-Za-z0-9]*$,DeterminismWriteConfig,OK
src/bioetl/config/models/determinism.py,module,determinism,NR-008: ^[a-z0-9_]+\.(yaml|yml|json)$,determinism.py,VIOL
src/bioetl/config/models/fallbacks.py,class,FallbacksConfig,NR-010: ^[A-Z][A-Za-z0-9]*$,FallbacksConfig,OK
src/bioetl/config/models/fallbacks.py,module,fallbacks,NR-008: ^[a-z0-9_]+\.(yaml|yml|json)$,fallbacks.py,VIOL
src/bioetl/config/models/http.py,class,CircuitBreakerConfig,NR-010: ^[A-Z][A-Za-z0-9]*$,CircuitBreakerConfig,OK
src/bioetl/config/models/http.py,class,HTTPClientConfig,NR-010: ^[A-Z][A-Za-z0-9]*$,HTTPClientConfig,OK
src/bioetl/config/models/http.py,class,HTTPConfig,NR-010: ^[A-Z][A-Za-z0-9]*$,HTTPConfig,OK
src/bioetl/config/models/http.py,class,RateLimitConfig,NR-010: ^[A-Z][A-Za-z0-9]*$,RateLimitConfig,OK
src/bioetl/config/models/http.py,class,RetryConfig,NR-010: ^[A-Z][A-Za-z0-9]*$,RetryConfig,OK
src/bioetl/config/models/http.py,module,http,NR-008: ^[a-z0-9_]+\.(yaml|yml|json)$,http.py,VIOL
src/bioetl/config/models/io.py,class,IOConfig,NR-010: ^[A-Z][A-Za-z0-9]*$,IOConfig,OK
src/bioetl/config/models/io.py,class,IOInputConfig,NR-010: ^[A-Z][A-Za-z0-9]*$,IOInputConfig,OK
src/bioetl/config/models/io.py,class,IOOutputConfig,NR-010: ^[A-Z][A-Za-z0-9]*$,IOOutputConfig,OK
src/bioetl/config/models/io.py,module,io,NR-008: ^[a-z0-9_]+\.(yaml|yml|json)$,io.py,VIOL
src/bioetl/config/models/logging.py,class,LoggingConfig,NR-010: ^[A-Z][A-Za-z0-9]*$,LoggingConfig,OK
src/bioetl/config/models/logging.py,module,logging,NR-008: ^[a-z0-9_]+\.(yaml|yml|json)$,logging.py,VIOL
src/bioetl/config/models/paths.py,class,MaterializationConfig,NR-010: ^[A-Z][A-Za-z0-9]*$,MaterializationConfig,OK
src/bioetl/config/models/paths.py,class,PathsConfig,NR-010: ^[A-Z][A-Za-z0-9]*$,PathsConfig,OK
src/bioetl/config/models/paths.py,module,paths,NR-008: ^[a-z0-9_]+\.(yaml|yml|json)$,paths.py,VIOL
src/bioetl/config/models/postprocess.py,class,PostprocessConfig,NR-010: ^[A-Z][A-Za-z0-9]*$,PostprocessConfig,OK
src/bioetl/config/models/postprocess.py,class,PostprocessCorrelationConfig,NR-010: ^[A-Z][A-Za-z0-9]*$,PostprocessCorrelationConfig,OK
src/bioetl/config/models/postprocess.py,module,postprocess,NR-008: ^[a-z0-9_]+\.(yaml|yml|json)$,postprocess.py,VIOL
src/bioetl/config/models/runtime.py,class,RuntimeConfig,NR-010: ^[A-Z][A-Za-z0-9]*$,RuntimeConfig,OK
src/bioetl/config/models/runtime.py,module,runtime,NR-008: ^[a-z0-9_]+\.(yaml|yml|json)$,runtime.py,VIOL
src/bioetl/config/models/source.py,class,SourceConfig,NR-010: ^[A-Z][A-Za-z0-9]*$,SourceConfig,OK
src/bioetl/config/models/source.py,module,source,NR-008: ^[a-z0-9_]+\.(yaml|yml|json)$,source.py,VIOL
src/bioetl/config/models/telemetry.py,class,TelemetryConfig,NR-010: ^[A-Z][A-Za-z0-9]*$,TelemetryConfig,OK
src/bioetl/config/models/telemetry.py,module,telemetry,NR-008: ^[a-z0-9_]+\.(yaml|yml|json)$,telemetry.py,VIOL
src/bioetl/config/models/transform.py,class,TransformConfig,NR-010: ^[A-Z][A-Za-z0-9]*$,TransformConfig,OK
src/bioetl/config/models/transform.py,module,transform,NR-008: ^[a-z0-9_]+\.(yaml|yml|json)$,transform.py,VIOL
src/bioetl/config/models/validation.py,class,ValidationConfig,NR-010: ^[A-Z][A-Za-z0-9]*$,ValidationConfig,OK
src/bioetl/config/models/validation.py,module,validation,NR-008: ^[a-z0-9_]+\.(yaml|yml|json)$,validation.py,VIOL
src/bioetl/config/target,pkg,target,NR-002: ^[a-z][a-z0-9_]*$,target,OK
src/bioetl/config/target/__init__.py,class,TargetSourceConfig,NR-010: ^[A-Z][A-Za-z0-9]*$,TargetSourceConfig,OK
src/bioetl/config/target/__init__.py,class,TargetSourceParameters,NR-010: ^[A-Z][A-Za-z0-9]*$,TargetSourceParameters,OK
src/bioetl/config/target/__init__.py,module,__init__,NR-008: ^[a-z0-9_]+\.(yaml|yml|json)$,__init__.py,VIOL
src/bioetl/config/testitem,pkg,testitem,NR-002: ^[a-z][a-z0-9_]*$,testitem,OK
src/bioetl/config/testitem/__init__.py,class,TestItemSourceConfig,NR-010: ^[A-Z][A-Za-z0-9]*$,TestItemSourceConfig,OK
src/bioetl/config/testitem/__init__.py,class,TestItemSourceParameters,NR-010: ^[A-Z][A-Za-z0-9]*$,TestItemSourceParameters,OK
src/bioetl/config/testitem/__init__.py,module,__init__,NR-008: ^[a-z0-9_]+\.(yaml|yml|json)$,__init__.py,VIOL
src/bioetl/config/utils.py,func,coerce_bool,NR-011: ^[a-z][a-z0-9_]*$,coerce_bool,OK
src/bioetl/config/utils.py,module,utils,NR-008: ^[a-z0-9_]+\.(yaml|yml|json)$,utils.py,VIOL
src/bioetl/qc,pkg,qc,NR-002: ^[a-z][a-z0-9_]*$,qc,OK
src/bioetl/qc/__init__.py,module,__init__,NR-002: ^[a-z][a-z0-9_]*$,__init__,VIOL
src/bioetl/qc/metrics.py,class,DuplicateStats,NR-010: ^[A-Z][A-Za-z0-9]*$,DuplicateStats,OK
src/bioetl/qc/metrics.py,func,_string_dtype_repr,NR-011: ^[a-z][a-z0-9_]*$,_string_dtype_repr,VIOL
src/bioetl/qc/metrics.py,func,compute_correlation_matrix,NR-011: ^[a-z][a-z0-9_]*$,compute_correlation_matrix,OK
src/bioetl/qc/metrics.py,func,compute_duplicate_stats,NR-011: ^[a-z][a-z0-9_]*$,compute_duplicate_stats,OK
src/bioetl/qc/metrics.py,func,compute_missingness,NR-011: ^[a-z][a-z0-9_]*$,compute_missingness,OK
src/bioetl/qc/metrics.py,module,metrics,NR-002: ^[a-z][a-z0-9_]*$,metrics,OK
src/bioetl/qc/report.py,func,_compute_relation_distribution,NR-011: ^[a-z][a-z0-9_]*$,_compute_relation_distribution,VIOL
src/bioetl/qc/report.py,func,_compute_units_distribution,NR-011: ^[a-z][a-z0-9_]*$,_compute_units_distribution,VIOL
src/bioetl/qc/report.py,func,_detect_simple_outliers,NR-011: ^[a-z][a-z0-9_]*$,_detect_simple_outliers,VIOL
src/bioetl/qc/report.py,func,_normalize_value,NR-011: ^[a-z][a-z0-9_]*$,_normalize_value,VIOL
src/bioetl/qc/report.py,func,build_correlation_report,NR-011: ^[a-z][a-z0-9_]*$,build_correlation_report,OK
src/bioetl/qc/report.py,func,build_qc_metrics_payload,NR-011: ^[a-z][a-z0-9_]*$,build_qc_metrics_payload,OK
src/bioetl/qc/report.py,func,build_quality_report,NR-011: ^[a-z][a-z0-9_]*$,build_quality_report,OK
src/bioetl/qc/report.py,module,report,NR-002: ^[a-z][a-z0-9_]*$,report,OK
src/bioetl/schemas,pkg,schemas,NR-002: ^[a-z][a-z0-9_]*$,schemas,OK
src/bioetl/schemas/__init__.py,class,SchemaRegistry,NR-010: ^[A-Z][A-Za-z0-9]*$,SchemaRegistry,OK
src/bioetl/schemas/__init__.py,class,SchemaRegistryEntry,NR-010: ^[A-Z][A-Za-z0-9]*$,SchemaRegistryEntry,OK
src/bioetl/schemas/__init__.py,const,SCHEMA_REGISTRY,NR-012: ^[A-Z][A-Z0-9_]*$,SCHEMA_REGISTRY,OK
src/bioetl/schemas/__init__.py,func,_register_builtin_schema,NR-011: ^[a-z][a-z0-9_]*$,_register_builtin_schema,VIOL
src/bioetl/schemas/__init__.py,func,_split_identifier,NR-011: ^[a-z][a-z0-9_]*$,_split_identifier,VIOL
src/bioetl/schemas/__init__.py,func,get_schema,NR-011: ^[a-z][a-z0-9_]*$,get_schema,OK
src/bioetl/schemas/__init__.py,module,__init__,NR-007: .*_schema\.(py|ya?ml)$,__init__.py,VIOL
src/bioetl/schemas/activity,pkg,activity,NR-002: ^[a-z][a-z0-9_]*$,activity,OK
src/bioetl/schemas/activity/__init__.py,module,__init__,NR-007: .*_schema\.(py|ya?ml)$,__init__.py,VIOL
src/bioetl/schemas/activity/activity_chembl.py,const,ACTIVITY_PROPERTY_KEYS,NR-012: ^[A-Z][A-Z0-9_]*$,ACTIVITY_PROPERTY_KEYS,OK
src/bioetl/schemas/activity/activity_chembl.py,const,COLUMN_ORDER,NR-012: ^[A-Z][A-Z0-9_]*$,COLUMN_ORDER,OK
src/bioetl/schemas/activity/activity_chembl.py,const,RELATIONS,NR-012: ^[A-Z][A-Z0-9_]*$,RELATIONS,OK
src/bioetl/schemas/activity/activity_chembl.py,const,SCHEMA_VERSION,NR-012: ^[A-Z][A-Z0-9_]*$,SCHEMA_VERSION,OK
src/bioetl/schemas/activity/activity_chembl.py,const,STANDARD_TYPES,NR-012: ^[A-Z][A-Z0-9_]*$,STANDARD_TYPES,OK
src/bioetl/schemas/activity/activity_chembl.py,func,_is_valid_activity_properties,NR-011: ^[a-z][a-z0-9_]*$,_is_valid_activity_properties,VIOL
src/bioetl/schemas/activity/activity_chembl.py,func,_is_valid_activity_property_item,NR-011: ^[a-z][a-z0-9_]*$,_is_valid_activity_property_item,VIOL
src/bioetl/schemas/activity/activity_chembl.py,module,activity_chembl,NR-007: .*_schema\.(py|ya?ml)$,activity_chembl.py,VIOL
src/bioetl/schemas/activity/enrichment.py,const,ASSAY_ENRICHMENT_SCHEMA,NR-012: ^[A-Z][A-Z0-9_]*$,ASSAY_ENRICHMENT_SCHEMA,OK
src/bioetl/schemas/activity/enrichment.py,const,COMPOUND_RECORD_ENRICHMENT_SCHEMA,NR-012: ^[A-Z][A-Z0-9_]*$,COMPOUND_RECORD_ENRICHMENT_SCHEMA,OK
src/bioetl/schemas/activity/enrichment.py,const,DATA_VALIDITY_ENRICHMENT_SCHEMA,NR-012: ^[A-Z][A-Z0-9_]*$,DATA_VALIDITY_ENRICHMENT_SCHEMA,OK
src/bioetl/schemas/activity/enrichment.py,const,SCHEMA_VERSION,NR-012: ^[A-Z][A-Z0-9_]*$,SCHEMA_VERSION,OK
src/bioetl/schemas/activity/enrichment.py,module,enrichment,NR-007: .*_schema\.(py|ya?ml)$,enrichment.py,VIOL
src/bioetl/schemas/assay,pkg,assay,NR-002: ^[a-z][a-z0-9_]*$,assay,OK
src/bioetl/schemas/assay/__init__.py,module,__init__,NR-007: .*_schema\.(py|ya?ml)$,__init__.py,VIOL
src/bioetl/schemas/assay/assay_chembl.py,const,ASSAY_TYPES,NR-012: ^[A-Z][A-Z0-9_]*$,ASSAY_TYPES,OK
src/bioetl/schemas/assay/assay_chembl.py,const,COLUMN_ORDER,NR-012: ^[A-Z][A-Z0-9_]*$,COLUMN_ORDER,OK
src/bioetl/schemas/assay/assay_chembl.py,const,SCHEMA_VERSION,NR-012: ^[A-Z][A-Z0-9_]*$,SCHEMA_VERSION,OK
src/bioetl/schemas/assay/assay_chembl.py,module,assay_chembl,NR-007: .*_schema\.(py|ya?ml)$,assay_chembl.py,VIOL
src/bioetl/schemas/assay/enrichment.py,const,ASSAY_CLASSIFICATION_ENRICHMENT_SCHEMA,NR-012: ^[A-Z][A-Z0-9_]*$,ASSAY_CLASSIFICATION_ENRICHMENT_SCHEMA,OK
src/bioetl/schemas/assay/enrichment.py,const,ASSAY_PARAMETERS_ENRICHMENT_SCHEMA,NR-012: ^[A-Z][A-Z0-9_]*$,ASSAY_PARAMETERS_ENRICHMENT_SCHEMA,OK
src/bioetl/schemas/assay/enrichment.py,const,SCHEMA_VERSION,NR-012: ^[A-Z][A-Z0-9_]*$,SCHEMA_VERSION,OK
src/bioetl/schemas/assay/enrichment.py,module,enrichment,NR-007: .*_schema\.(py|ya?ml)$,enrichment.py,VIOL
src/bioetl/schemas/base.py,func,create_schema,NR-011: ^[a-z][a-z0-9_]*$,create_schema,OK
src/bioetl/schemas/base.py,module,base,NR-007: .*_schema\.(py|ya?ml)$,base.py,VIOL
src/bioetl/schemas/common.py,const,BAO_ID_PATTERN,NR-012: ^[A-Z][A-Z0-9_]*$,BAO_ID_PATTERN,OK
src/bioetl/schemas/common.py,const,CHEMBL_ID_PATTERN,NR-012: ^[A-Z][A-Z0-9_]*$,CHEMBL_ID_PATTERN,OK
src/bioetl/schemas/common.py,const,DOI_PATTERN,NR-012: ^[A-Z][A-Z0-9_]*$,DOI_PATTERN,OK
src/bioetl/schemas/common.py,const,UUID_PATTERN,NR-012: ^[A-Z][A-Z0-9_]*$,UUID_PATTERN,OK
src/bioetl/schemas/common.py,func,bao_id_column,NR-011: ^[a-z][a-z0-9_]*$,bao_id_column,OK
src/bioetl/schemas/common.py,func,boolean_flag_column,NR-011: ^[a-z][a-z0-9_]*$,boolean_flag_column,OK
src/bioetl/schemas/common.py,func,chembl_id_column,NR-011: ^[a-z][a-z0-9_]*$,chembl_id_column,OK
src/bioetl/schemas/common.py,func,doi_column,NR-011: ^[a-z][a-z0-9_]*$,doi_column,OK
src/bioetl/schemas/common.py,func,non_nullable_int64_column,NR-011: ^[a-z][a-z0-9_]*$,non_nullable_int64_column,OK
src/bioetl/schemas/common.py,func,non_nullable_string_column,NR-011: ^[a-z][a-z0-9_]*$,non_nullable_string_column,OK
src/bioetl/schemas/common.py,func,nullable_float64_column,NR-011: ^[a-z][a-z0-9_]*$,nullable_float64_column,OK
src/bioetl/schemas/common.py,func,nullable_int64_column,NR-011: ^[a-z][a-z0-9_]*$,nullable_int64_column,OK
src/bioetl/schemas/common.py,func,nullable_object_column,NR-011: ^[a-z][a-z0-9_]*$,nullable_object_column,OK
src/bioetl/schemas/common.py,func,nullable_pd_int64_column,NR-011: ^[a-z][a-z0-9_]*$,nullable_pd_int64_column,OK
src/bioetl/schemas/common.py,func,nullable_string_column,NR-011: ^[a-z][a-z0-9_]*$,nullable_string_column,OK
src/bioetl/schemas/common.py,func,row_metadata_columns,NR-011: ^[a-z][a-z0-9_]*$,row_metadata_columns,OK
src/bioetl/schemas/common.py,func,string_column_with_check,NR-011: ^[a-z][a-z0-9_]*$,string_column_with_check,OK
src/bioetl/schemas/common.py,func,uuid_column,NR-011: ^[a-z][a-z0-9_]*$,uuid_column,OK
src/bioetl/schemas/common.py,module,common,NR-007: .*_schema\.(py|ya?ml)$,common.py,VIOL
src/bioetl/schemas/document,pkg,document,NR-002: ^[a-z][a-z0-9_]*$,document,OK
src/bioetl/schemas/document/__init__.py,module,__init__,NR-007: .*_schema\.(py|ya?ml)$,__init__.py,VIOL
src/bioetl/schemas/document/document_chembl.py,const,COLUMN_ORDER,NR-012: ^[A-Z][A-Z0-9_]*$,COLUMN_ORDER,OK
src/bioetl/schemas/document/document_chembl.py,const,SCHEMA_VERSION,NR-012: ^[A-Z][A-Z0-9_]*$,SCHEMA_VERSION,OK
src/bioetl/schemas/document/document_chembl.py,module,document_chembl,NR-007: .*_schema\.(py|ya?ml)$,document_chembl.py,VIOL
src/bioetl/schemas/document/enrichment.py,const,DOCUMENT_TERMS_ENRICHMENT_SCHEMA,NR-012: ^[A-Z][A-Z0-9_]*$,DOCUMENT_TERMS_ENRICHMENT_SCHEMA,OK
src/bioetl/schemas/document/enrichment.py,const,SCHEMA_VERSION,NR-012: ^[A-Z][A-Z0-9_]*$,SCHEMA_VERSION,OK
src/bioetl/schemas/document/enrichment.py,module,enrichment,NR-007: .*_schema\.(py|ya?ml)$,enrichment.py,VIOL
src/bioetl/schemas/load_meta.py,const,ALLOWED_SOURCE_SYSTEMS,NR-012: ^[A-Z][A-Z0-9_]*$,ALLOWED_SOURCE_SYSTEMS,OK
src/bioetl/schemas/load_meta.py,const,ALLOWED_STATUS_VALUES,NR-012: ^[A-Z][A-Z0-9_]*$,ALLOWED_STATUS_VALUES,OK
src/bioetl/schemas/load_meta.py,const,BASE_COLUMNS,NR-012: ^[A-Z][A-Z0-9_]*$,BASE_COLUMNS,OK
src/bioetl/schemas/load_meta.py,const,BUSINESS_KEY_FIELDS,NR-012: ^[A-Z][A-Z0-9_]*$,BUSINESS_KEY_FIELDS,OK
src/bioetl/schemas/load_meta.py,const,COLUMN_ORDER,NR-012: ^[A-Z][A-Z0-9_]*$,COLUMN_ORDER,OK
src/bioetl/schemas/load_meta.py,const,ROW_HASH_FIELDS,NR-012: ^[A-Z][A-Z0-9_]*$,ROW_HASH_FIELDS,OK
src/bioetl/schemas/load_meta.py,const,SCHEMA_VERSION,NR-012: ^[A-Z][A-Z0-9_]*$,SCHEMA_VERSION,OK
src/bioetl/schemas/load_meta.py,func,_is_valid_json_string,NR-011: ^[a-z][a-z0-9_]*$,_is_valid_json_string,VIOL
src/bioetl/schemas/load_meta.py,func,_time_window_consistent,NR-011: ^[a-z][a-z0-9_]*$,_time_window_consistent,VIOL
src/bioetl/schemas/load_meta.py,func,_validate_json_series,NR-011: ^[a-z][a-z0-9_]*$,_validate_json_series,VIOL
src/bioetl/schemas/load_meta.py,func,_validate_optional_json_series,NR-011: ^[a-z][a-z0-9_]*$,_validate_optional_json_series,VIOL
src/bioetl/schemas/load_meta.py,module,load_meta,NR-007: .*_schema\.(py|ya?ml)$,load_meta.py,VIOL
src/bioetl/schemas/target,pkg,target,NR-002: ^[a-z][a-z0-9_]*$,target,OK
src/bioetl/schemas/target/__init__.py,module,__init__,NR-007: .*_schema\.(py|ya?ml)$,__init__.py,VIOL
src/bioetl/schemas/target/target_chembl.py,const,COLUMN_ORDER,NR-012: ^[A-Z][A-Z0-9_]*$,COLUMN_ORDER,OK
src/bioetl/schemas/target/target_chembl.py,const,SCHEMA_VERSION,NR-012: ^[A-Z][A-Z0-9_]*$,SCHEMA_VERSION,OK
src/bioetl/schemas/target/target_chembl.py,const,TARGET_TYPES,NR-012: ^[A-Z][A-Z0-9_]*$,TARGET_TYPES,OK
src/bioetl/schemas/target/target_chembl.py,module,target_chembl,NR-007: .*_schema\.(py|ya?ml)$,target_chembl.py,VIOL
src/bioetl/schemas/testitem,pkg,testitem,NR-002: ^[a-z][a-z0-9_]*$,testitem,OK
src/bioetl/schemas/testitem/__init__.py,module,__init__,NR-007: .*_schema\.(py|ya?ml)$,__init__.py,VIOL
src/bioetl/schemas/testitem/testitem_chembl.py,const,COLUMN_ORDER,NR-012: ^[A-Z][A-Z0-9_]*$,COLUMN_ORDER,OK
src/bioetl/schemas/testitem/testitem_chembl.py,const,SCHEMA_VERSION,NR-012: ^[A-Z][A-Z0-9_]*$,SCHEMA_VERSION,OK
src/bioetl/schemas/testitem/testitem_chembl.py,module,testitem_chembl,NR-007: .*_schema\.(py|ya?ml)$,testitem_chembl.py,VIOL
src/bioetl/schemas/vocab.py,const,VOCAB_STORE_ENV_VAR,NR-012: ^[A-Z][A-Z0-9_]*$,VOCAB_STORE_ENV_VAR,OK
src/bioetl/schemas/vocab.py,func,_default_vocab_path,NR-011: ^[a-z][a-z0-9_]*$,_default_vocab_path,VIOL
src/bioetl/schemas/vocab.py,func,_load_store,NR-011: ^[a-z][a-z0-9_]*$,_load_store,VIOL
src/bioetl/schemas/vocab.py,func,_resolve_vocab_path,NR-011: ^[a-z][a-z0-9_]*$,_resolve_vocab_path,VIOL
src/bioetl/schemas/vocab.py,func,refresh_vocab_store_cache,NR-011: ^[a-z][a-z0-9_]*$,refresh_vocab_store_cache,OK
src/bioetl/schemas/vocab.py,func,required_vocab_ids,NR-011: ^[a-z][a-z0-9_]*$,required_vocab_ids,OK
src/bioetl/schemas/vocab.py,func,vocab_ids,NR-011: ^[a-z][a-z0-9_]*$,vocab_ids,OK
src/bioetl/schemas/vocab.py,func,vocab_store,NR-011: ^[a-z][a-z0-9_]*$,vocab_store,OK
src/bioetl/schemas/vocab.py,module,vocab,NR-007: .*_schema\.(py|ya?ml)$,vocab.py,VIOL
